CREATE TABLE MEMBER
(
    memberId VARCHAR2(10) CONSTRAINT member_pk PRIMARY KEY,
    firstName VARCHAR(20) CONSTRAINT member_fname NOT NULL,
    lastName VARCHAR(20) CONSTRAINT member_lname NOT NULL,
    address VARCHAR(50),
    dateOfBirth DATE,
    numberOfBooks VARCHAR2(1)
);

ALTER TABLE MEMBER
MODIFY (numberOfBooks NUMBER(1));

INSERT INTO MEMBER VALUES ('14525049', 'Aditi', 'Salunkhe', '500 N, 39th Street, Philadelphia, PA 19104', TO_DATE('1997/11/24', 'yyyy/mm/dd'), 3);
INSERT INTO MEMBER VALUES('14463926', 'Natasha', 'Lalwani', '3414 Baring St, Apt 2F,  Philadelphia, PA 19104', TO_DATE('1998/06/09' , 'YYYY/MM/DD'), 3);
INSERT INTO MEMBER VALUES('14476512', 'Janam', 'Patel', '4020 Baring St, Apt 210,  Philadelphia, PA 19104', TO_DATE('1999/01/18' , 'YYYY/MM/DD'), 5);
INSERT INTO MEMBER VALUES('14498734', 'Suyog', 'Narkhede', '3836 Haverford, Apt 134,  Philadelphia, PA 19104', TO_DATE('1997/10/26' , 'YYYY/MM/DD'), 5);
INSERT INTO MEMBER VALUES('14401267', 'Oshin', 'Kushwaha', '314 N Powelton, Apt 2A,  Philadelphia, PA 19104', TO_DATE('1995/06/14' , 'YYYY/MM/DD'), 3);
INSERT INTO MEMBER VALUES('14424681', 'Atharv', 'Joshi', '3734 Brandywine, Philadelphia, PA 19104', TO_DATE('1997/12/23', 'YYYY/MM/DD'), 5);

SELECT * FROM MEMBER;

CREATE TABLE STUDENT
(
    memberId VARCHAR2(10) CONSTRAINT member_fk REFERENCES MEMBER(memberId),
    degree CHAR(20),
    major VARCHAR(20)
);

INSERT INTO STUDENT VALUES('14525049', 'Masters', 'Information System');
INSERT INTO STUDENT VALUES('14463926', 'Masters', 'AIML');
INSERT INTO STUDENT VALUES('14401267', 'Bachelors', 'Business Analytics');

--UPDATE STUDENT
--SET degree = 'Bachelors'
--WHERE degree = 'Bacherlors'

SELECT * FROM STUDENT;

CREATE TABLE STAFF
(
    memberID VARCHAR2(10) CONSTRAINT member_fk_staff REFERENCES MEMBER(memberId),
    wage NUMBER(7,2),
    shifts VARCHAR2(10) CONSTRAINT staff_shifts NOT NULL,
    role VARCHAR2(10) CONSTRAINT staff_role NOT NULL
);

INSERT INTO STAFF VALUES('14476512', 3450.67, 'Morning', 'Librarian');
INSERT INTO STAFF VALUES('14498734', 1200.95, 'Afternoon', 'Assistant');
INSERT INTO STAFF VALUES('14424681', 2400.75, 'Evening', 'Technician');

SELECT * FROM STAFF;


CREATE TABLE ROOM
(
    roomId VARCHAR2(10) CONSTRAINT room_pk PRIMARY KEY,
    seatingCapacity NUMBER(2),
    typeOfRoom VARCHAR2(10) CONSTRAINT room_type NOT NULL
);

INSERT INTO ROOM VALUES('2468', 10, 'Conference');
INSERT INTO ROOM VALUES('1234', 15, 'Conference');
INSERT INTO ROOM VALUES('5678', 1, 'Work Pod');
INSERT INTO ROOM VALUES('1213', 50, 'Seminar');
INSERT INTO ROOM VALUES('1415', 25, 'Lecture');
INSERT INTO ROOM VALUES('9101', 2, 'Work Pod');

SELECT * FROM ROOM;


CREATE TABLE RESERVES
(
    roomId VARCHAR2(10) CONSTRAINT room_fk_reserves REFERENCES ROOM(roomId),
    memberID VARCHAR2(10) CONSTRAINT member_fk_reserves REFERENCES MEMBER(memberId),
    reservesDate DATE CONSTRAINT reserves_date NOT NULL,
    timings VARCHAR2(10) CONSTRAINT reserve_time NOT NULL
);

INSERT INTO RESERVES VALUES('2468', '14525049', TO_DATE('2022/01/15', 'YYYY/MM/DD'), '10AM-12PM');
INSERT INTO RESERVES VALUES('5678', '14476512', TO_DATE('2022/05/02', 'YYYY/MM/DD'), '12PM-4PM');
INSERT INTO RESERVES VALUES('1213', '14401267', TO_DATE('2022/06/08', 'YYYY/MM/DD'), '5PM-6PM');

SELECT * FROM RESERVES;

CREATE TABLE BOOK
(
    bookId VARCHAR2(10) CONSTRAINT book_pk PRIMARY KEY,
    bookName VARCHAR2(20) CONSTRAINT book_name NOT NULL,
    category VARCHAR2(20),
    edition VARCHAR2(20),
    bookType VARCHAR2(10),
    language VARCHAR2(10)
);

INSERT INTO BOOK VALUES('123', 'Gone Girl', 'Thriller','3', 'Audiobook', 'English');
INSERT INTO BOOK VALUES('456', 'Forbes', 'Business', '1', 'Magazine', 'English');
INSERT INTO BOOK VALUES('789', 'Don Quixote', 'Parody', '2', 'Paperback','Spanish');
INSERT INTO BOOK VALUES('001', 'Nirmala', 'Drama','2' , 'Hardcover','Hindi');
INSERT INTO BOOK VALUES('333', 'Divergent', 'Science Fiction', '3', 'Audiobook','English');
INSERT INTO BOOK VALUES('646', 'Mala', 'Romantic', '1', 'Paperback','Urdu');

SELECT * FROM BOOK;


CREATE TABLE BORROW
(
    memberId VARCHAR2(10) CONSTRAINT member_fk_borrow REFERENCES MEMBER(memberId),
    bookId VARCHAR2(10) CONSTRAINT book_fk_borrow REFERENCES BOOK(bookId),
    issueDate DATE CONSTRAINT borrow_issue NOT NULL,
    dueDate DATE CONSTRAINT borrow_due NOT NULL,
    returnDate DATE CONSTRAINT borrow_return NOT NULL
);

INSERT INTO BORROW VALUES('14525049', '456', TO_DATE('2022/06/03', 'YYYY/MM/DD'), TO_DATE('2022/06/17', 'YYYY/MM/DD'),  TO_DATE('2022/06/21', 'YYYY/MM/DD'));
INSERT INTO BORROW VALUES('14463926', '001', TO_DATE('2022/04/25', 'YYYY/MM/DD'), TO_DATE('2022/05/16', 'YYYY/MM/DD'),  TO_DATE('2022/05/13', 'YYYY/MM/DD'));
INSERT INTO BORROW VALUES('14424681', '333', TO_DATE('2021/10/26', 'YYYY/MM/DD'), TO_DATE('2021/11/15', 'YYYY/MM/DD'),  TO_DATE('2022/11/30', 'YYYY/MM/DD'));
INSERT INTO BORROW VALUES('14498734', '123', TO_DATE('2020/01/13', 'YYYY/MM/DD'), TO_DATE('2020/02/07', 'YYYY/MM/DD'),  TO_DATE('2020/02/05', 'YYYY/MM/DD'));
INSERT INTO BORROW VALUES('14476512', '646', TO_DATE('2019/03/09', 'YYYY/MM/DD'), TO_DATE('2019/03/30', 'YYYY/MM/DD'),  TO_DATE('2019/04/02', 'YYYY/MM/DD'));

SELECT * FROM BORROW;

CREATE TABLE LATE_PAYMENT
(
    paymentId VARCHAR2(10) CONSTRAINT payment_pk PRIMARY KEY,
    paymentDate DATE CONSTRAINT payment_date NOT NULL,
    amount NUMBER(5,2) CONSTRAINT payment_amount NOT NULL
);

INSERT INTO LATE_PAYMENT VALUES('5641', TO_DATE('2022/06/21', 'YYYY/MM/DD'),45.95);
INSERT INTO LATE_PAYMENT VALUES('1029', TO_DATE('2022/06/30', 'YYYY/MM/DD'),950.00);
INSERT INTO LATE_PAYMENT VALUES('3847', TO_DATE('2019/04/03', 'YYYY/MM/DD'),30.50);

SELECT * FROM LATE_PAYMENT;

CREATE TABLE MAKES
(
    paymentId VARCHAR2(10) CONSTRAINT payment_fk_makes REFERENCES LATE_PAYMENT(paymentId),
    memberId VARCHAR2(10) CONSTRAINT member_fk_makes REFERENCES MEMBER(memberId)
);

INSERT INTO MAKES VALUES('5641','14525049');
INSERT INTO MAKES VALUES('1029','14424681');
INSERT INTO MAKES VALUES('3847','14476512');

SELECT * FROM MAKES;

CREATE TABLE EQUIPMENT
(
    equipmentId VARCHAR2(10) CONSTRAINT equipment_pk PRIMARY KEY,
    equipmentName VARCHAR2(20) CONSTRAINT equipment_name NOT NULL,
    acquireDate DATE,
    equipmentCost NUMBER(7,2),
    quantity NUMBER(2)
);

INSERT INTO EQUIPMENT VALUES('22','Printer', TO_DATE('2022/02/14', 'YYYY/MM/DD'),500.00, 1);
INSERT INTO EQUIPMENT VALUES('33','Scanner', TO_DATE('2021/03/10', 'YYYY/MM/DD'), 350.00, 1);
INSERT INTO EQUIPMENT VALUES('44','Chair', TO_DATE('2019/11/03', 'YYYY/MM/DD'),4000.00,20);
INSERT INTO EQUIPMENT VALUES('55','Desk', TO_DATE('2015/09/24', 'YYYY/MM/DD'), 2100.00, 30);
INSERT INTO EQUIPMENT VALUES('66','Marker', TO_DATE('2022/04/13', 'YYYY/MM/DD'),100.00,4);
INSERT INTO EQUIPMENT VALUES('77', 'White Board', TO_DATE('2018/05/05', 'YYYY/MM/DD'),12.00,1);

SELECT * FROM EQUIPMENT;
--DELETE FROM EQUIPMENT;

CREATE TABLE HAS
(
    roomId VARCHAR2(10) CONSTRAINT room_fk_has REFERENCES ROOM(roomId),
    equipmentId VARCHAR2(10) CONSTRAINT equipment_fk_has REFERENCES EQUIPMENT(equipmentId)
);

INSERT INTO HAS VALUES('2468','22');
INSERT INTO HAS VALUES('1234','33');
INSERT INTO HAS VALUES('5678','66');
INSERT INTO HAS VALUES('1213','44');
INSERT INTO HAS VALUES('1415','55');
INSERT INTO HAS VALUES('9101','77');

SELECT * FROM HAS;

UPDATE MEMBER 
SET address = '744 Broad Street, Philadelphia, PA 19104'
WHERE memberId = '14525049';

SELECT * FROM MEMBER
WHERE memberId = '14525049';

SELECT 
MAX(wage) AS MAXWAGE,
MIN(wage) AS MINWAGE,
AVG(wage) AS AVGWAGE
FROM STAFF;

SELECT * FROM LATE_PAYMENT
WHERE amount > 40;

UPDATE EQUIPMENT
SET quantity = quantity + 3
WHERE equipmentId = '22';

SELECT * FROM EQUIPMENT
WHERE equipmentId = '22';

UPDATE STAFF
SET role = 'Manager'
WHERE memberId = '14498734';

SELECT * FROM STAFF
WHERE memberId = '14498734';